,Accuracy,Recall,Precision,F1 Score,ROC AUC
Dummy,0.6301204819277109,0.0,0.0,0.0,0.5
Polynomial Ridge,0.6580321285140562,0.3132464712269272,0.5684729064039409,0.40392019600980045,0.5868335606612648
KNN,0.5953815261044176,0.4560260586319218,0.4533189422558014,0.45466847090663054,0.5666044888443229
Decision Tree,0.6028112449799197,0.4142236699239957,0.4590854392298436,0.43550228310502287,0.5638677304368225
Extra Trees,0.6028112449799197,0.4142236699239957,0.4590854392298436,0.43550228310502287,0.5638677304368225
SVM,0.5897590361445784,0.4022801302931596,0.44028520499108736,0.42042553191489357,0.5510444628521247
Random Forest,0.6072289156626506,0.6726384364820847,0.47800925925925924,0.5588633288227334,0.6207360442448665
Gradient Boosting,0.6475903614457831,0.41259500542888167,0.5303558967201675,0.4641221374045801,0.5990635957673408
