,Accuracy,Recall,Precision,F1 Score,ROC AUC
Dummy,0.6301204819277109,0.0,0.0,0.0,0.5
Polynomial Ridge,0.6295180722891566,0.0027144408251900108,0.38461538461538464,0.005390835579514824,0.5000825231531941
KNN,0.5502008032128514,0.28284473398479915,0.36180555555555555,0.3174893357708714,0.494991519318722
Decision Tree,0.619277108433735,0.05266015200868621,0.3911290322580645,0.09282296650717704,0.5022701652331513
Extra Trees,0.619277108433735,0.05266015200868621,0.3911290322580645,0.09282296650717704,0.5022701652331513
SVM,0.6170682730923694,0.06080347448425624,0.3875432525951557,0.10511496949788832,0.5021990603778834
Random Forest,0.4995983935742972,0.6237785016286646,0.38975576662143824,0.479749478079332,0.5252417046065566
Gradient Boosting,0.6166666666666667,0.06460369163952226,0.3901639344262295,0.11085235211923615,0.5026651345386903
