,R2,MAE,MSE,RMSE
Dummy,-0.0009693754265009957,1.3816538491314656,3.131350623941549,1.7695622690206607
Polynomial Ridge,0.006968511268069411,1.3755189688230292,3.1065183892458275,1.7625318122649098
KNN,-0.07923412349885761,1.4312010900745842,3.376187652651422,1.8374405167654877
Decision Tree,0.0036331263192300733,1.3764586102349556,3.116952534382569,1.7654893186826617
Extra Trees,0.0036331263192300733,1.3764586102349556,3.116952534382569,1.7654893186826617
SVM,-0.024943118401381525,1.3313590095233792,3.2063481182361366,1.7906278558751778
Random Forest,0.006938018932030721,1.3741031487783124,3.1066137789728505,1.7625588724842216
Gradient Boosting,-0.017368581008755823,1.386723897911474,3.182652555741669,1.7839990346807
