,R2,MAE,MSE,RMSE
Dummy,-0.0009693754265009957,1.3816538491314656,3.131350623941549,1.7695622690206607
Polynomial Ridge,0.13756838150306627,1.2733353303452812,2.6979604501252705,1.6425469400066686
KNN,0.056332138452020564,1.3440725760183592,2.952093260388493,1.7181656673291121
Decision Tree,0.0770681947506684,1.3205941293408656,2.887224279955209,1.6991834156309344
Extra Trees,0.0849449515187799,1.3118008478547067,2.8625832791154457,1.6919170426221983
SVM,0.12912734770990864,1.234462975580931,2.724366689001114,1.6505655664047745
Random Forest,0.14102607005471257,1.2669030757053292,2.6871437004130425,1.6392509571182328
Gradient Boosting,0.07500569962809889,1.3054285267891064,2.893676420797363,1.701080956567724
